1, N/A,SupplierProfile::Supplier::Vendor Folder::
2,3Com,SupplierProfile::Supplier::Vendor Folder::3Com
3,ADC,SupplierProfile::Supplier::Vendor Folder::ADC
4,ADC Fibermux Corp.,SupplierProfile::Supplier::Vendor Folder::ADC Fibermux Corp.
5,Adobe Systems Inc.,SupplierProfile::Supplier::Vendor Folder::Adobe Systems Inc.
6,Amasco,SupplierProfile::Supplier::Vendor Folder::Amasco
7,Andrew Corp.,SupplierProfile::Supplier::Vendor Folder::Andrew Corp
8,Arra,SupplierProfile::Supplier::Vendor Folder::Arra
9,Asante,SupplierProfile::Supplier::Vendor Folder::Asante
10,Avocent,SupplierProfile::Supplier::Vendor Folder::Avocent
11,Belden,SupplierProfile::Supplier::Vendor Folder::Belden
12,Blackbox,SupplierProfile::Supplier::Vendor Folder::Blackbox
13,Blue Coat,SupplierProfile::Supplier::Vendor Folder::Blue Coat
14,BrandyWine Communications,SupplierProfile::Supplier::Vendor Folder::BrandyWine Communications
15,Cable Organizer,SupplierProfile::Supplier::Vendor Folder::Cable Organizer
16,Canoga Perkins,SupplierProfile::Supplier::Vendor Folder::Canoga Perkins
17,CCS Inc.,SupplierProfile::Supplier::Vendor Folder::CSS Inc.
18,CentreCom,SupplierProfile::Supplier::Vendor Folder::CentreCom
19,Cisco 2960 IOS 12.2,SupplierProfile::Supplier::Vendor Folder::Cisco Systems Corp.::Cisco 2960 IOS 12.2
20,Cisco 7906S IOS 12.2(33),SupplierProfile::Supplier::Vendor Folder::Cisco Systems Corp.::Cisco 7906S IOS 12.2(33)
21,Cisco IOS 15.1(4)M8,SupplierProfile::Supplier::Vendor Folder::Cisco Systems Corp.::Cisco IOS 15.1(4)M8
22,Cisco IOS 15.2(4)M6a,SupplierProfile::Supplier::Vendor Folder::Cisco Systems Corp.::Cisco IOS 15.2(4)M6a
23,Cisco Systems Corp.,SupplierProfile::Supplier::Vendor Folder::Cisco Systems Corp.
24,Clifton Devices Inc.,SupplierProfile::Supplier::Vendor Folder::Clifton Devices Inc.
25,Columbia Electronics,SupplierProfile::Supplier::Vendor Folder::Columbia Electronics
26,Compaq,SupplierProfile::Supplier::Vendor Folder::Compaq
27,Comprehensive,SupplierProfile::Supplier::Vendor Folder::Comprehensive
28,Comsphere,SupplierProfile::Supplier::Vendor Folder::Comsphere
29,COMTRAN,SupplierProfile::Supplier::Vendor Folder::COMTRAN
30,COMTROL,SupplierProfile::Supplier::Vendor Folder::COMTROL
31,Control Cable Inc.,SupplierProfile::Supplier::Vendor Folder::Control Cable Inc.
32,Core Systems,SupplierProfile::Supplier::Vendor Folder::Core Systems
33,Corning Cable Systems,SupplierProfile::Supplier::Vendor Folder::Corning Cable Systems
34,Crystal,SupplierProfile::Supplier::Vendor Folder::Crystal
35,Datametrics Corp.,SupplierProfile::Supplier::Vendor Folder::Datametrics Corp.
36,Data Probe Inc.,SupplierProfile::Supplier::Vendor Folder::Data Probe Inc.
37,Dell,SupplierProfile::Supplier::Vendor Folder::Dell
38,DIGI,SupplierProfile::Supplier::Vendor Folder::DIGI
39,Digi-Key,SupplierProfile::Supplier::Vendor Folder::Digi-Key
40,DNE Technologies Inc.,SupplierProfile::Supplier::Vendor Folder::DNE Technologies Inc.
41,Dunrite Tool & Die Corp.,SupplierProfile::Supplier::Vendor Folder::Dunrite Tool & Die Corp.
42,Emerson,SupplierProfile::Supplier::Vendor Folder::Emerson
43,Enterprise 6.5,SupplierProfile::Supplier::Vendor Folder::Red Hat Inc::Enterprise 6.5
44,ESE,SupplierProfile::Supplier::Vendor Folder::ESE
45,FEI-Zyfer,SupplierProfile::Supplier::Vendor Folder::FEI-Zyfer
46,FiberPlex,SupplierProfile::Supplier::Vendor Folder::FiberPlex
47,Frequency Electronics Inc.,SupplierProfile::Supplier::Vendor Folder::Frequency Electronics Inc.
48,General Cable Corp,SupplierProfile::Supplier::Vendor Folder::General Cable Corp
49,General Dynamics,SupplierProfile::Supplier::Vendor Folder::General Dynamics
50,Google Incorporated,SupplierProfile::Supplier::Vendor Folder::Google Incorporated
51,Grass Valley US Inc.,SupplierProfile::Supplier::Vendor Folder::Grass Valley US Inc.
52,GSC,SupplierProfile::Supplier::Vendor Folder::GSC
53,Harris,SupplierProfile::Supplier::Vendor Folder::Harris
54,Haurtian,SupplierProfile::Supplier::Vendor Folder::Haurtian
55,Hewlett Packard,SupplierProfile::Supplier::Vendor Folder::Hewlett Packard
56,ICS Advent,SupplierProfile::Supplier::Vendor Folder::ICS Advent
57,Intel Corporation,SupplierProfile::Supplier::Vendor Folder::Intel Corporation
58,Joint Electronics,SupplierProfile::Supplier::Vendor Folder::Joint Electronics
59,Juniper Networks Inc.,SupplierProfile::Supplier::Vendor Folder::Juniper Networks Inc.
60,L3 Comm,SupplierProfile::Supplier::Vendor Folder::L3 Comm
61,L3 Stratis,SupplierProfile::Supplier::Vendor Folder::L3 Stratis
62,Lab-Systems,SupplierProfile::Supplier::Vendor Folder::Lab-Systems
63,L-COM,SupplierProfile::Supplier::Vendor Folder::L-COM
64,LF Engineering Co.,SupplierProfile::Supplier::Vendor Folder::LF Engineering Co.
65,Lockheed Martin,SupplierProfile::Supplier::Vendor Folder::Lockheed Martin
66,Long Wave Inc.,SupplierProfile::Supplier::Vendor Folder::Long Wave Inc.
67,Luxlink,SupplierProfile::Supplier::Vendor Folder::Luxlink
68,Market Central,SupplierProfile::Supplier::Vendor Folder::Market Central
69,Mark Space,SupplierProfile::Supplier::Vendor Folder::Mark Space
70,Merrimac Industries,SupplierProfile::Supplier::Vendor Folder::Merrimac Industries
71,Microsoft Corp.,SupplierProfile::Supplier::Vendor Folder::Microsoft Corp.
72,Mini-Circuits,SupplierProfile::Supplier::Vendor Folder::Mini-Circuits
73,Monoprice,SupplierProfile::Supplier::Vendor Folder::Monoprice
74,Mozilla Corporation,SupplierProfile::Supplier::Vendor Folder::Mozilla Corporation
75,Naval Research Lab,SupplierProfile::Supplier::Vendor Folder::Naval Research Lab
76,NET.COM,SupplierProfile::Supplier::Vendor Folder::NET.COM
77,Netgear,SupplierProfile::Supplier::Vendor Folder::Netgear
78,"Network Equipment Technologies, Inc.","SupplierProfile::Supplier::Vendor Folder::Network Equipment Technologies, Inc."
79,North Pointe Associates,SupplierProfile::Supplier::Vendor Folder::North Pointe Associates
80,Northrop Grumman,SupplierProfile::Supplier::Vendor Folder::Northrop Grumman
81,NRL,SupplierProfile::Supplier::Vendor Folder::NRL
82,NSA,SupplierProfile::Supplier::Vendor Folder::NSA
83,NUWC,SupplierProfile::Supplier::Vendor Folder::NUWC
84,OCC,SupplierProfile::Supplier::Vendor Folder::OCC
85,Paradyne,SupplierProfile::Supplier::Vendor Folder::Paradyne
86,Plantronics,SupplierProfile::Supplier::Vendor Folder::Plantronics
87,Polyphaser,SupplierProfile::Supplier::Vendor Folder::Polyphaser
88,Pomona,SupplierProfile::Supplier::Vendor Folder::Pomona
89,QVS,SupplierProfile::Supplier::Vendor Folder::QVS
90,Raymar-Telenetics,SupplierProfile::Supplier::Vendor Folder::Raymar-Telenetics
91,Raytheon,SupplierProfile::Supplier::Vendor Folder::Raytheon
92,Recotec,SupplierProfile::Supplier::Vendor Folder::Recotec
93,Recoton,SupplierProfile::Supplier::Vendor Folder::Recoton
94,Red Hat Inc,SupplierProfile::Supplier::Vendor Folder::Red Hat Inc::Enterprise 6.5
95,Rockbestos-Surprenant Cable,SupplierProfile::Supplier::Vendor Folder::Rockbestos-Surprenant Cable
96,Rockwell Collins,SupplierProfile::Supplier::Vendor Folder::Rockwell Collins
97,RSCC,SupplierProfile::Supplier::Vendor Folder::RSCC
98,SI Tech,SupplierProfile::Supplier::Vendor Folder::SI Tech
99,Solectek,SupplierProfile::Supplier::Vendor Folder::Solectek
100,Space and Navel Warefare Systems,SupplierProfile::Supplier::Vendor Folder::Space and Navel Warefare Systems
101,SSC-Pacific,SupplierProfile::Supplier::Vendor Folder::SSC-Pacific
102,Sun Microsystems,SupplierProfile::Supplier::Vendor Folder::Sun Microsystems
103,SuperMicro,SupplierProfile::Supplier::Vendor Folder::SuperMicro
104,Symmetricom,SupplierProfile::Supplier::Vendor Folder::Symmetricom
105,Synergy,SupplierProfile::Supplier::Vendor Folder::Stnergy
106,Texcom Inc.,SupplierProfile::Supplier::Vendor Folder::Texcom Inc.
107,TP-Link,SupplierProfile::Supplier::Vendor Folder::TP-Link
108,Trilogy Magnetics Inc.,SupplierProfile::Supplier::Vendor Folder::Trilogy Magnetics Inc.
109,Tri-Map International,SupplierProfile::Supplier::Vendor Folder::Tri-Map International
110,TrueTime,SupplierProfile::Supplier::Vendor Folder::TruTime
111,Unicom,SupplierProfile::Supplier::Vendor Folder::Unicorn
112,Vatyx Inc.,SupplierProfile::Supplier::Vendor Folder::Vatyx Inc.
113,Versitron,SupplierProfile::Supplier::Vendor Folder::Versitron
114,ViaSat,SupplierProfile::Supplier::Vendor Folder::ViaSat
115,Viking Electornics,SupplierProfile::Supplier::Vendor Folder::Viking Electronics
116,VMware Inc.,SupplierProfile::Supplier::Vendor Folder::Vmware Inc.
117,Windows 7,SupplierProfile::Supplier::Vendor Folder::Microsoft Corp.::Windows 7
118,Windows 10,SupplierProfile::Supplier::Vendor Folder::Microsoft Corp.::Windows 10
119,Windows 2003,SupplierProfile::Supplier::Vendor Folder::Microsoft Corp.::Windows 2003
120,Windows 2008,SupplierProfile::Supplier::Vendor Folder::Microsoft Corp.::Windows 2008
121,Windows Server 2008,SupplierProfile::Supplier::Vendor Folder::Microsoft Corp.::Windows Server 2008
122,Windows Server 2012,SupplierProfile::Supplier::Vendor Folder::Microsoft Corp.::Windows Server 2012
123,Windows XP,SupplierProfile::Supplier::Vendor Folder::Microsoft Corp.::Windows XP
124,Wyse Technology,SupplierProfile::Supplier::Vendor Folder::Wyse Technology
125,Zenith,SupplierProfile::Supplier::Vendor Folder::Zenith
126,Zenith Inteq,SupplierProfile::Supplier::Vendor Folder::Zenith Inteq
